lecture_content,topic_name,topic_URI
/Users/sharanyu/Desktop/CleanIS/data/course_materials/SOEN6431/Lectures/Lecture04/slides/MiningSoftwareRepositories04.pdf,canada,http://dbpedia.org/resource/Canada
/Users/sharanyu/Desktop/CleanIS/data/course_materials/SOEN6431/Lectures/Lecture04/slides/MiningSoftwareRepositories04.pdf,source control,http://dbpedia.org/resource/Version_control
/Users/sharanyu/Desktop/CleanIS/data/course_materials/SOEN6431/Lectures/Lecture04/slides/MiningSoftwareRepositories04.pdf,cvs,http://dbpedia.org/resource/Concurrent_Versions_System
/Users/sharanyu/Desktop/CleanIS/data/course_materials/SOEN6431/Lectures/Lecture04/slides/MiningSoftwareRepositories04.pdf,gnats,http://dbpedia.org/resource/GNATS
/Users/sharanyu/Desktop/CleanIS/data/course_materials/SOEN6431/Lectures/Lecture04/slides/MiningSoftwareRepositories04.pdf,zimmermann,http://dbpedia.org/resource/Arthur_Zimmermann
/Users/sharanyu/Desktop/CleanIS/data/course_materials/SOEN6431/Lectures/Lecture04/slides/MiningSoftwareRepositories04.pdf,loc,http://dbpedia.org/resource/Source_lines_of_code
/Users/sharanyu/Desktop/CleanIS/data/course_materials/SOEN6431/Lectures/Lecture04/slides/MiningSoftwareRepositories04.pdf,irc,http://dbpedia.org/resource/Internet_Relay_Chat
/Users/sharanyu/Desktop/CleanIS/data/course_materials/SOEN6431/Lectures/Lecture04/slides/MiningSoftwareRepositories04.pdf,rich,http://dbpedia.org/resource/Rich_Robinson
/Users/sharanyu/Desktop/CleanIS/data/course_materials/SOEN6431/Lectures/Lecture04/slides/MiningSoftwareRepositories04.pdf,apache,http://dbpedia.org/resource/The_Apache_Software_Foundation
/Users/sharanyu/Desktop/CleanIS/data/course_materials/SOEN6431/Lectures/Lecture04/slides/MiningSoftwareRepositories04.pdf,li,http://dbpedia.org/resource/Lithium
/Users/sharanyu/Desktop/CleanIS/data/course_materials/SOEN6431/Lectures/Lecture04/slides/MiningSoftwareRepositories04.pdf,java,http://dbpedia.org/resource/Java_virtual_machine
/Users/sharanyu/Desktop/CleanIS/data/course_materials/SOEN6431/Lectures/Lecture04/slides/MiningSoftwareRepositories04.pdf,api,http://dbpedia.org/resource/Application_programming_interface
/Users/sharanyu/Desktop/CleanIS/data/course_materials/SOEN6431/Lectures/Lecture04/readings/MiningSoftwareRepositories04.pdf,michael godfrey,http://dbpedia.org/resource/Michael_Godfrey
/Users/sharanyu/Desktop/CleanIS/data/course_materials/SOEN6431/Lectures/Lecture04/readings/MiningSoftwareRepositories04.pdf,david notkin,http://dbpedia.org/resource/David_Notkin
/Users/sharanyu/Desktop/CleanIS/data/course_materials/SOEN6431/Lectures/Lecture04/readings/MiningSoftwareRepositories04.pdf,cms,http://dbpedia.org/resource/Content_management_system
/Users/sharanyu/Desktop/CleanIS/data/course_materials/SOEN6431/Lectures/Lecture04/readings/MiningSoftwareRepositories04.pdf,carnegie mellon university,http://dbpedia.org/resource/Carnegie_Mellon_University
/Users/sharanyu/Desktop/CleanIS/data/course_materials/SOEN6431/Lectures/Lecture04/readings/MiningSoftwareRepositories04.pdf,mxr,http://dbpedia.org/resource/MXR
/Users/sharanyu/Desktop/CleanIS/data/course_materials/SOEN6431/Lectures/Lecture04/readings/MiningSoftwareRepositories04.pdf,cmu,http://dbpedia.org/resource/Carnegie_Mellon_University
/Users/sharanyu/Desktop/CleanIS/data/course_materials/SOEN6431/Lectures/Lecture04/readings/MiningSoftwareRepositories04.pdf,oss,http://dbpedia.org/resource/Open-source_software
/Users/sharanyu/Desktop/CleanIS/data/course_materials/SOEN6431/Lectures/Lecture04/readings/MiningSoftwareRepositories04.pdf,fred brooks,http://dbpedia.org/resource/Fred_Brooks
/Users/sharanyu/Desktop/CleanIS/data/course_materials/SOEN6431/Lectures/Lecture04/readings/MiningSoftwareRepositories04.pdf,qip,http://dbpedia.org/resource/Quiet_Internet_Pager
/Users/sharanyu/Desktop/CleanIS/data/course_materials/SOEN6431/Lectures/Lecture04/readings/MiningSoftwareRepositories04.pdf,austin,http://dbpedia.org/resource/Austin_Motor_Company
/Users/sharanyu/Desktop/CleanIS/data/course_materials/SOEN6431/Lectures/Lecture04/readings/MiningSoftwareRepositories04.pdf,john allen paulos,http://dbpedia.org/resource/John_Allen_Paulos
/Users/sharanyu/Desktop/CleanIS/data/course_materials/SOEN6431/Lectures/Lecture04/readings/MiningSoftwareRepositories04.pdf,lincoln,http://dbpedia.org/resource/Abraham_Lincoln
/Users/sharanyu/Desktop/CleanIS/data/course_materials/SOEN6431/Lectures/Lecture03/slides/TechnicalDebt03.pdf,soen,http://dbpedia.org/resource/Soen
/Users/sharanyu/Desktop/CleanIS/data/course_materials/SOEN6431/Lectures/Lecture03/slides/TechnicalDebt03.pdf,sonar,http://dbpedia.org/resource/Sonar
/Users/sharanyu/Desktop/CleanIS/data/course_materials/SOEN6431/Lectures/Lecture03/slides/TechnicalDebt03.pdf,devops,http://dbpedia.org/resource/DevOps
/Users/sharanyu/Desktop/CleanIS/data/course_materials/SOEN6431/Lectures/Lecture03/slides/TechnicalDebt03.pdf,api,http://dbpedia.org/resource/Application_programming_interface
/Users/sharanyu/Desktop/CleanIS/data/course_materials/SOEN6431/Lectures/Lecture03/slides/TechnicalDebt03.pdf,issn,http://dbpedia.org/resource/International_Standard_Book_Number
/Users/sharanyu/Desktop/CleanIS/data/course_materials/SOEN6431/Lectures/Lecture03/slides/TechnicalDebt03.pdf,robert,http://dbpedia.org/resource/Robert_F._Kennedy
/Users/sharanyu/Desktop/CleanIS/data/course_materials/SOEN6431/Lectures/Lecture03/readings/TechnicalDebt03.pdf,ieee software,http://dbpedia.org/resource/IEEE_Software
/Users/sharanyu/Desktop/CleanIS/data/course_materials/SOEN6431/Lectures/Lecture03/readings/TechnicalDebt03.pdf,ieee,http://dbpedia.org/resource/Institute_of_Electrical_and_Electronics_Engineers
/Users/sharanyu/Desktop/CleanIS/data/course_materials/SOEN6431/Lectures/Lecture03/readings/TechnicalDebt03.pdf,steve mcconnell,http://dbpedia.org/resource/Steve_McConnell
/Users/sharanyu/Desktop/CleanIS/data/course_materials/SOEN6431/Lectures/Lecture03/readings/TechnicalDebt03.pdf,jim highsmith,http://dbpedia.org/resource/Jim_Highsmith
/Users/sharanyu/Desktop/CleanIS/data/course_materials/SOEN6431/Lectures/Lecture03/readings/TechnicalDebt03.pdf,vancouver,http://dbpedia.org/resource/Vancouver
/Users/sharanyu/Desktop/CleanIS/data/course_materials/SOEN6431/Lectures/Lecture03/readings/TechnicalDebt03.pdf,nord,http://dbpedia.org/resource/Chemins_de_Fer_du_Nord
/Users/sharanyu/Desktop/CleanIS/data/course_materials/SOEN6431/Lectures/Lecture03/readings/TechnicalDebt03.pdf,kevin sullivan,http://dbpedia.org/resource/Kevin_Rodney_Sullivan
/Users/sharanyu/Desktop/CleanIS/data/course_materials/SOEN6431/Lectures/Lecture03/readings/TechnicalDebt03.pdf,npv,http://dbpedia.org/resource/Net_present_value
/Users/sharanyu/Desktop/CleanIS/data/course_materials/SOEN6431/Lectures/Lecture03/readings/TechnicalDebt03.pdf,bill curtis,http://dbpedia.org/resource/Bill_Curtis
/Users/sharanyu/Desktop/CleanIS/data/course_materials/SOEN6431/Lectures/Lecture03/readings/TechnicalDebt03.pdf,sqale,http://dbpedia.org/resource/SQALE
/Users/sharanyu/Desktop/CleanIS/data/course_materials/SOEN6431/Lectures/Lecture03/readings/TechnicalDebt03.pdf,iso,http://dbpedia.org/resource/International_Organization_for_Standardization
/Users/sharanyu/Desktop/CleanIS/data/course_materials/SOEN6431/Lectures/Lecture03/readings/TechnicalDebt03.pdf,israel,http://dbpedia.org/resource/Israel
/Users/sharanyu/Desktop/CleanIS/data/course_materials/SOEN6431/Lectures/Lecture03/readings/TechnicalDebt03.pdf,christof ebert,http://dbpedia.org/resource/Christof_Ebert
/Users/sharanyu/Desktop/CleanIS/data/course_materials/SOEN6431/Lectures/Lecture03/readings/TechnicalDebt03.pdf,zürich,http://dbpedia.org/resource/University_of_Zurich
/Users/sharanyu/Desktop/CleanIS/data/course_materials/SOEN6431/Lectures/Lecture03/readings/TechnicalDebt03.pdf,len bass,http://dbpedia.org/resource/Len_Bass
/Users/sharanyu/Desktop/CleanIS/data/course_materials/SOEN6431/Lectures/Lecture03/readings/TechnicalDebt03.pdf,carnegie mellon university,http://dbpedia.org/resource/Carnegie_Mellon_University
/Users/sharanyu/Desktop/CleanIS/data/course_materials/SOEN6431/Lectures/Lecture03/readings/TechnicalDebt03.pdf,acm,http://dbpedia.org/resource/Association_for_Computing_Machinery
/Users/sharanyu/Desktop/CleanIS/data/course_materials/SOEN6431/Lectures/Lecture03/readings/TechnicalDebt03.pdf,addison-wesley professional,http://dbpedia.org/resource/Addison-Wesley
/Users/sharanyu/Desktop/CleanIS/data/course_materials/SOEN6431/Lectures/Lecture03/readings/TechnicalDebt03.pdf,crosstalk,http://dbpedia.org/resource/CrossTalk
/Users/sharanyu/Desktop/CleanIS/data/course_materials/SOEN6431/Lectures/Lecture03/readings/TechnicalDebt03.pdf,canada,http://dbpedia.org/resource/Canada
/Users/sharanyu/Desktop/CleanIS/data/course_materials/SOEN6431/Lectures/Lecture03/readings/TechnicalDebt03.pdf,paris,http://dbpedia.org/resource/Paris
/Users/sharanyu/Desktop/CleanIS/data/course_materials/SOEN6431/Lectures/Lecture02/slides/SoftwareTraceability02.pdf,traceability,http://dbpedia.org/resource/Traceability
/Users/sharanyu/Desktop/CleanIS/data/course_materials/SOEN6431/Lectures/Lecture02/slides/SoftwareTraceability02.pdf,ieee computer society press,http://dbpedia.org/resource/IEEE_Computer_Society
/Users/sharanyu/Desktop/CleanIS/data/course_materials/SOEN6431/Lectures/Lecture02/slides/SoftwareTraceability02.pdf,uml,http://dbpedia.org/resource/Unified_Modeling_Language
/Users/sharanyu/Desktop/CleanIS/data/course_materials/SOEN6431/Lectures/Lecture02/slides/SoftwareTraceability02.pdf,navy,http://dbpedia.org/resource/Navy
/Users/sharanyu/Desktop/CleanIS/data/course_materials/SOEN6431/Lectures/Lecture02/slides/SoftwareTraceability02.pdf,ibm,http://dbpedia.org/resource/IBM
/Users/sharanyu/Desktop/CleanIS/data/course_materials/SOEN6431/Lectures/Lecture02/slides/SoftwareTraceability02.pdf,mercurio,http://dbpedia.org/resource/Mercurio_the_4-D_Man
/Users/sharanyu/Desktop/CleanIS/data/course_materials/SOEN6431/Lectures/Lecture02/slides/SoftwareTraceability02.pdf,xp,http://dbpedia.org/resource/Extreme_programming
/Users/sharanyu/Desktop/CleanIS/data/course_materials/SOEN6431/Lectures/Lecture02/slides/SoftwareTraceability02.pdf,lsi,http://dbpedia.org/resource/Integrated_circuit
/Users/sharanyu/Desktop/CleanIS/data/course_materials/SOEN6431/Lectures/Lecture02/slides/SoftwareTraceability02.pdf,latent semantic analysis,http://dbpedia.org/resource/Latent_semantic_analysis
/Users/sharanyu/Desktop/CleanIS/data/course_materials/SOEN6431/Lectures/Lecture02/slides/SoftwareTraceability02.pdf,strava,http://dbpedia.org/resource/Strava
/Users/sharanyu/Desktop/CleanIS/data/course_materials/SOEN6431/Lectures/Lecture02/slides/SoftwareTraceability02.pdf,google fit,http://dbpedia.org/resource/Google_Fit
/Users/sharanyu/Desktop/CleanIS/data/course_materials/SOEN6431/Lectures/Lecture02/slides/SoftwareTraceability02.pdf,java,http://dbpedia.org/resource/Java_(programming_language)
/Users/sharanyu/Desktop/CleanIS/data/course_materials/SOEN6431/Lectures/Lecture05/slides/SoftwareRepositories05.pdf,soen,http://dbpedia.org/resource/Soen
/Users/sharanyu/Desktop/CleanIS/data/course_materials/SOEN6431/Lectures/Lecture05/slides/SoftwareRepositories05.pdf,scm,http://dbpedia.org/resource/Version_control
/Users/sharanyu/Desktop/CleanIS/data/course_materials/SOEN6431/Lectures/Lecture05/slides/SoftwareRepositories05.pdf,cm,http://dbpedia.org/resource/Television_advertisement
/Users/sharanyu/Desktop/CleanIS/data/course_materials/SOEN6431/Lectures/Lecture05/slides/SoftwareRepositories05.pdf,comp,http://dbpedia.org/resource/College_of_Osteopathic_Medicine_of_the_Pacific
/Users/sharanyu/Desktop/CleanIS/data/course_materials/SOEN6431/Lectures/Lecture05/slides/SoftwareRepositories05.pdf,microsoft visual sourcesafe,http://dbpedia.org/resource/Microsoft_Visual_SourceSafe
/Users/sharanyu/Desktop/CleanIS/data/course_materials/SOEN6431/Lectures/Lecture05/slides/SoftwareRepositories05.pdf,cvs,http://dbpedia.org/resource/Concurrent_Versions_System
/Users/sharanyu/Desktop/CleanIS/data/course_materials/SOEN6431/Lectures/Lecture05/slides/SoftwareRepositories05.pdf,hassan,http://dbpedia.org/resource/Prince_Hassan_bin_Talal
/Users/sharanyu/Desktop/CleanIS/data/course_materials/SOEN6431/Lectures/Lecture05/slides/SoftwareRepositories05.pdf,git,http://dbpedia.org/resource/Git
/Users/sharanyu/Desktop/CleanIS/data/course_materials/SOEN6431/Lectures/Lecture05/slides/SoftwareRepositories05.pdf,bitkeeper,http://dbpedia.org/resource/BitKeeper
/Users/sharanyu/Desktop/CleanIS/data/course_materials/SOEN6431/Lectures/Lecture05/slides/SoftwareRepositories05.pdf,linux,http://dbpedia.org/resource/Linux
/Users/sharanyu/Desktop/CleanIS/data/course_materials/SOEN6431/Lectures/Lecture05/readings/ContiniousIntegration05.pdf,maven,http://dbpedia.org/resource/MAVEN
/Users/sharanyu/Desktop/CleanIS/data/course_materials/SOEN6431/Lectures/Lecture05/readings/ContiniousIntegration05.pdf,java,http://dbpedia.org/resource/Java_virtual_machine
/Users/sharanyu/Desktop/CleanIS/data/course_materials/SOEN6431/Lectures/Lecture05/readings/ContiniousIntegration05.pdf,jar,http://dbpedia.org/resource/JAR_(file_format)
/Users/sharanyu/Desktop/CleanIS/data/course_materials/SOEN6431/Lectures/Lecture05/readings/ContiniousIntegration05.pdf,project object model,http://dbpedia.org/resource/Apache_Maven
/Users/sharanyu/Desktop/CleanIS/data/course_materials/SOEN6431/Lectures/Lecture05/readings/ContiniousIntegration05.pdf,xml,http://dbpedia.org/resource/XML
/Users/sharanyu/Desktop/CleanIS/data/course_materials/SOEN6431/Lectures/Lecture05/readings/ContiniousIntegration05.pdf,test driven development,http://dbpedia.org/resource/Test-driven_development
/Users/sharanyu/Desktop/CleanIS/data/course_materials/SOEN6431/Lectures/Lecture05/readings/ContiniousIntegration05.pdf,cruisecontrol,http://dbpedia.org/resource/CruiseControl
/Users/sharanyu/Desktop/CleanIS/data/course_materials/SOEN6431/Lectures/Lecture05/readings/ContiniousIntegration05.pdf,teamcity,http://dbpedia.org/resource/TeamCity
/Users/sharanyu/Desktop/CleanIS/data/course_materials/SOEN6431/Lectures/Lecture07/slides/Clones07.pdf,soen,http://dbpedia.org/resource/Soen
/Users/sharanyu/Desktop/CleanIS/data/course_materials/SOEN6431/Lectures/Lecture07/slides/Clones07.pdf,loc,http://dbpedia.org/resource/Source_lines_of_code
/Users/sharanyu/Desktop/CleanIS/data/course_materials/SOEN6431/Lectures/Lecture07/slides/Clones07.pdf,sloc,http://dbpedia.org/resource/Source_lines_of_code
/Users/sharanyu/Desktop/CleanIS/data/course_materials/SOEN6431/Lectures/Lecture07/slides/Clones07.pdf,fowler,http://dbpedia.org/resource/James_H._Fowler
/Users/sharanyu/Desktop/CleanIS/data/course_materials/SOEN6431/Lectures/Lecture07/slides/Clones07.pdf,r6,http://dbpedia.org/resource/Regjeringskvartalet
/Users/sharanyu/Desktop/CleanIS/data/course_materials/SOEN6431/Lectures/Lecture06/slides/Source_code_analysis06.pdf,soen,http://dbpedia.org/resource/Soen
/Users/sharanyu/Desktop/CleanIS/data/course_materials/SOEN6431/Lectures/Lecture06/slides/Source_code_analysis06.pdf,comp,http://dbpedia.org/resource/Cartilage_oligomeric_matrix_protein
/Users/sharanyu/Desktop/CleanIS/data/course_materials/SOEN6431/Lectures/Lecture06/slides/Source_code_analysis06.pdf,context free grammar,http://dbpedia.org/resource/Context-free_grammar
/Users/sharanyu/Desktop/CleanIS/data/course_materials/SOEN6431/Lectures/Lecture06/slides/Source_code_analysis06.pdf,discovery,http://dbpedia.org/resource/Space_Shuttle_Discovery
/Users/sharanyu/Desktop/CleanIS/data/course_materials/SOEN6431/Lectures/Lecture06/slides/Source_code_analysis06.pdf,graph,http://dbpedia.org/resource/Graph_theory
/Users/sharanyu/Desktop/CleanIS/data/course_materials/SOEN6431/Lectures/Lecture06/slides/Source_code_analysis06.pdf,software quality assurance,http://dbpedia.org/resource/Software_quality_assurance
/Users/sharanyu/Desktop/CleanIS/data/course_materials/SOEN6431/Lectures/Lecture06/slides/Source_code_analysis06.pdf,weiser,http://dbpedia.org/resource/Weiser_River
/Users/sharanyu/Desktop/CleanIS/data/course_materials/SOEN6431/Lectures/Lecture06/slides/Source_code_analysis06.pdf,program dependence graph,http://dbpedia.org/resource/Program_dependence_graph
/Users/sharanyu/Desktop/CleanIS/data/course_materials/SOEN6431/Lectures/Lecture06/readings/Impact_Analysis_and_RegressionTesting06.pdf,soen,http://dbpedia.org/resource/Soen
/Users/sharanyu/Desktop/CleanIS/data/course_materials/SOEN6431/Lectures/Lecture06/readings/Impact_Analysis_and_RegressionTesting06.pdf,traceability,http://dbpedia.org/resource/Traceability
/Users/sharanyu/Desktop/CleanIS/data/course_materials/SOEN6431/Lectures/Lecture06/readings/Impact_Analysis_and_RegressionTesting06.pdf,sis,http://dbpedia.org/resource/Secret_Intelligence_Service
/Users/sharanyu/Desktop/CleanIS/data/course_materials/SOEN6431/Lectures/Lecture06/readings/Impact_Analysis_and_RegressionTesting06.pdf,cis,http://dbpedia.org/resource/United_States_Citizenship_and_Immigration_Services
/Users/sharanyu/Desktop/CleanIS/data/course_materials/SOEN6431/Lectures/Lecture06/readings/Impact_Analysis_and_RegressionTesting06.pdf,ais,http://dbpedia.org/resource/Automatic_identification_system
/Users/sharanyu/Desktop/CleanIS/data/course_materials/SOEN6431/Lectures/Lecture06/readings/Impact_Analysis_and_RegressionTesting06.pdf,ieee,http://dbpedia.org/resource/IEEE_754
/Users/sharanyu/Desktop/CleanIS/data/course_materials/SOEN6431/Lectures/Lecture06/readings/Impact_Analysis_and_RegressionTesting06.pdf,req,http://dbpedia.org/resource/Req
/Users/sharanyu/Desktop/CleanIS/data/course_materials/SOEN6431/Lectures/Lecture06/readings/Impact_Analysis_and_RegressionTesting06.pdf,sut,http://dbpedia.org/resource/System_under_test
/Users/sharanyu/Desktop/CleanIS/data/course_materials/SOEN6431/Lectures/Lecture06/readings/Impact_Analysis_and_RegressionTesting06.pdf,delta,http://dbpedia.org/resource/Delta_Air_Lines
/Users/sharanyu/Desktop/CleanIS/data/course_materials/SOEN6431/Lectures/Lecture06/readings/Impact_Analysis_and_RegressionTesting06.pdf,regression,http://dbpedia.org/resource/Regression_analysis
/Users/sharanyu/Desktop/CleanIS/data/course_materials/SOEN6431/Lectures/Lecture06/readings/Impact_Analysis_and_RegressionTesting06.pdf,atm,http://dbpedia.org/resource/Asynchronous_transfer_mode
/Users/sharanyu/Desktop/CleanIS/data/course_materials/SOEN6431/Lectures/Lecture06/readings/Impact_Analysis_and_RegressionTesting06.pdf,100 hours,http://dbpedia.org/resource/100_Hours
/Users/sharanyu/Desktop/CleanIS/data/course_materials/SOEN6431/Lectures/Lecture06/readings/Impact_Analysis_and_RegressionTesting06.pdf,oo,http://dbpedia.org/resource/Object-oriented_programming
/Users/sharanyu/Desktop/CleanIS/data/course_materials/SOEN6431/Lectures/Lecture01/slides/IntroSoftwareEvolution01.pdf,soen,http://dbpedia.org/resource/Soen
/Users/sharanyu/Desktop/CleanIS/data/course_materials/SOEN6431/Lectures/Lecture01/slides/IntroSoftwareEvolution01.pdf,evolution,http://dbpedia.org/resource/Evolution
/Users/sharanyu/Desktop/CleanIS/data/course_materials/SOEN6431/Lectures/Lecture01/slides/IntroSoftwareEvolution01.pdf,ibm,http://dbpedia.org/resource/IBM
/Users/sharanyu/Desktop/CleanIS/data/course_materials/SOEN6431/Lectures/Lecture01/slides/IntroSoftwareEvolution01.pdf,software evolution,http://dbpedia.org/resource/Software_evolution
/Users/sharanyu/Desktop/CleanIS/data/course_materials/SOEN6431/Lectures/Lecture01/slides/IntroSoftwareEvolution01.pdf,css,http://dbpedia.org/resource/Cascading_Style_Sheets
/Users/sharanyu/Desktop/CleanIS/data/course_materials/SOEN6431/Lectures/Lecture01/slides/IntroSoftwareEvolution01.pdf,pirzada,http://dbpedia.org/resource/Pirzada
/Users/sharanyu/Desktop/CleanIS/data/course_materials/SOEN6431/Lectures/Lecture01/slides/IntroSoftwareEvolution01.pdf,linux,http://dbpedia.org/resource/Linux_kernel
/Users/sharanyu/Desktop/CleanIS/data/course_materials/SOEN6431/Lectures/Lecture01/slides/IntroSoftwareEvolution01.pdf,cots,http://dbpedia.org/resource/Commercial_off-the-shelf
/Users/sharanyu/Desktop/CleanIS/data/course_materials/SOEN6431/Lectures/Lecture01/slides/IntroSoftwareEvolution01.pdf,reverse engineering,http://dbpedia.org/resource/Reverse_engineering
/Users/sharanyu/Desktop/CleanIS/data/course_materials/SOEN6431/Lectures/Lecture01/slides/IntroSoftwareEvolution01.pdf,uml,http://dbpedia.org/resource/Unified_Modeling_Language
/Users/sharanyu/Desktop/CleanIS/data/course_materials/SOEN6431/Lectures/Lecture01/slides/IntroSoftwareEvolution01.pdf,spiral model,http://dbpedia.org/resource/Spiral_model
/Users/sharanyu/Desktop/CleanIS/data/course_materials/SOEN6431/Lectures/Lecture01/slides/IntroSoftwareEvolution01.pdf,smlc,http://dbpedia.org/resource/SMLC
/Users/sharanyu/Desktop/CleanIS/data/course_materials/SOEN6431/Lectures/Lecture01/slides/IntroSoftwareEvolution01.pdf,ieee,http://dbpedia.org/resource/Institute_of_Electrical_and_Electronics_Engineers
/Users/sharanyu/Desktop/CleanIS/data/course_materials/SOEN6431/Lectures/Lecture01/slides/IntroSoftwareEvolution01.pdf,iso,http://dbpedia.org/resource/International_Organization_for_Standardization
/Users/sharanyu/Desktop/CleanIS/data/course_materials/SOEN6431/Lectures/Lecture01/slides/IntroSoftwareEvolution01.pdf,acm,http://dbpedia.org/resource/Association_for_Computing_Machinery
/Users/sharanyu/Desktop/CleanIS/data/course_materials/SOEN6431/course_outline/Course_Outline_SOEN_6431_Winter_2024.pdf,devops,http://dbpedia.org/resource/DevOps
/Users/sharanyu/Desktop/CleanIS/data/course_materials/SOEN6431/course_outline/Course_Outline_SOEN_6431_Winter_2024.pdf,moodle,http://dbpedia.org/resource/Moodle
/Users/sharanyu/Desktop/CleanIS/data/course_materials/SOEN6431/course_outline/Course_Outline_SOEN_6431_Winter_2024.pdf,configuration management,http://dbpedia.org/resource/Configuration_management
/Users/sharanyu/Desktop/CleanIS/data/course_materials/SOEN6431/course_outline/Course_Outline_SOEN_6431_Winter_2024.pdf,software evolution,http://dbpedia.org/resource/Software_evolution
/Users/sharanyu/Desktop/CleanIS/data/course_materials/SOEN6431/course_outline/Course_Outline_SOEN_6431_Winter_2024.pdf,concordia university,http://dbpedia.org/resource/Main_Page
/Users/sharanyu/Desktop/CleanIS/data/course_materials/COMP6741/Labs/Lab03/COMP-474-2234-UU_Lab%20Session_03_Moodle.pdf,moodle,http://dbpedia.org/resource/Moodle
/Users/sharanyu/Desktop/CleanIS/data/course_materials/COMP6741/Labs/Lab03/COMP-474-2234-UU_Lab%20Session_03_Moodle.pdf,rdf schema,http://dbpedia.org/resource/RDF_Schema
/Users/sharanyu/Desktop/CleanIS/data/course_materials/COMP6741/Labs/Lab03/COMP-474-2234-UU_Lab%20Session_03_Moodle.pdf,rdfs,http://dbpedia.org/resource/RDF_Schema
/Users/sharanyu/Desktop/CleanIS/data/course_materials/COMP6741/Labs/Lab03/COMP-474-2234-UU_Lab%20Session_03_Moodle.pdf,rdf,http://dbpedia.org/resource/Resource_Description_Framework
/Users/sharanyu/Desktop/CleanIS/data/course_materials/COMP6741/Labs/Lab03/COMP-474-2234-UU_Lab%20Session_03_Moodle.pdf,foaf,http://dbpedia.org/resource/FOAF_(ontology)
/Users/sharanyu/Desktop/CleanIS/data/course_materials/COMP6741/Labs/Lab03/COMP-474-2234-UU_Lab%20Session_03_Moodle.pdf,wikidata,http://dbpedia.org/resource/Wikidata
/Users/sharanyu/Desktop/CleanIS/data/course_materials/COMP6741/Labs/Lab03/COMP-474-2234-UU_Lab%20Session_03_Moodle.pdf,concordia university,http://dbpedia.org/resource/Main_Page
/Users/sharanyu/Desktop/CleanIS/data/course_materials/COMP6741/Labs/Lab03/COMP-474-2234-UU_Lab%20Session_03_Moodle.pdf,mcgill university,http://dbpedia.org/resource/McGill_University
/Users/sharanyu/Desktop/CleanIS/data/course_materials/COMP6741/Labs/Lab03/COMP-474-2234-UU_Lab%20Session_03_Moodle.pdf,concordia,http://dbpedia.org/resource/Concordia_University
/Users/sharanyu/Desktop/CleanIS/data/course_materials/COMP6741/Labs/Lab03/COMP-474-2234-UU_Lab%20Session_03_Moodle.pdf,montreal,http://dbpedia.org/resource/Montreal
/Users/sharanyu/Desktop/CleanIS/data/course_materials/COMP6741/Labs/Lab03/COMP-474-2234-UU_Lab%20Session_03_Moodle.pdf,knowledge graph,http://dbpedia.org/resource/Knowledge_Graph
/Users/sharanyu/Desktop/CleanIS/data/course_materials/COMP6741/Labs/Lab03/COMP-474-2234-UU_Lab%20Session_03_Moodle.pdf,owl,http://dbpedia.org/resource/Web_Ontology_Language
/Users/sharanyu/Desktop/CleanIS/data/course_materials/COMP6741/Labs/Lab03/COMP-474-2234-UU_Lab%20Session_03_Moodle.pdf,dbpedia,http://dbpedia.org/resource/DBpedia
/Users/sharanyu/Desktop/CleanIS/data/course_materials/COMP6741/Labs/Lab03/COMP-474-2234-UU_Lab%20Session_03_Moodle.pdf,ai,http://dbpedia.org/resource/Artificial_intelligence
/Users/sharanyu/Desktop/CleanIS/data/course_materials/COMP6741/Labs/Lab03/COMP-474-2234-UU_Lab%20Session_03_Moodle.pdf,canada,http://dbpedia.org/resource/Canada
/Users/sharanyu/Desktop/CleanIS/data/course_materials/COMP6741/Labs/Lab03/COMP-474-2234-UU_Lab%20Session_03_Moodle.pdf,dbp,http://dbpedia.org/resource/Dewan_Bahasa_dan_Pustaka
/Users/sharanyu/Desktop/CleanIS/data/course_materials/COMP6741/Labs/Lab03/COMP-474-2234-UU_Lab%20Session_03_Moodle.pdf,french,http://dbpedia.org/resource/French_language
/Users/sharanyu/Desktop/CleanIS/data/course_materials/COMP6741/Labs/Lab03/COMP-474-2234-UU_Lab%20Session_03_Moodle.pdf,quebec,http://dbpedia.org/resource/Quebec
/Users/sharanyu/Desktop/CleanIS/data/course_materials/COMP6741/Labs/Lab03/COMP-474-2234-UU_Lab%20Session_03_Moodle.pdf,loyola college,http://dbpedia.org/resource/Loyola_University_Maryland
/Users/sharanyu/Desktop/CleanIS/data/course_materials/COMP6741/Labs/Lab03/COMP-474-2234-UU_Lab%20Session_03_Moodle.pdf,english,http://dbpedia.org/resource/English_language
/Users/sharanyu/Desktop/CleanIS/data/course_materials/COMP6741/Labs/Lab03/COMP-474-2234-UU_Lab%20Session_03_Moodle.pdf,mcgill,http://dbpedia.org/resource/McGill_University
/Users/sharanyu/Desktop/CleanIS/data/course_materials/COMP6741/Labs/Lab03/COMP-474-2234-UU_Lab%20Session_03_Moodle.pdf,sparql,http://dbpedia.org/resource/SPARQL
/Users/sharanyu/Desktop/CleanIS/data/course_materials/COMP6741/Labs/Lab03/COMP-474-2234-UU_Lab%20Session_03_Moodle.pdf,siri,http://dbpedia.org/resource/Siri
/Users/sharanyu/Desktop/CleanIS/data/course_materials/COMP6741/Labs/Lab03/COMP-474-2234-UU_Lab%20Session_03_Moodle.pdf,alexa,http://dbpedia.org/resource/Amazon_Alexa
/Users/sharanyu/Desktop/CleanIS/data/course_materials/COMP6741/Labs/Lab04/COMP-474-2234-UU_Lab%20Session_04_Moodle.pdf,sparql,http://dbpedia.org/resource/SPARQL
/Users/sharanyu/Desktop/CleanIS/data/course_materials/COMP6741/Labs/Lab04/COMP-474-2234-UU_Lab%20Session_04_Moodle.pdf,rdf query language,http://dbpedia.org/resource/RDF_query_language
/Users/sharanyu/Desktop/CleanIS/data/course_materials/COMP6741/Labs/Lab04/COMP-474-2234-UU_Lab%20Session_04_Moodle.pdf,dbpedia,http://dbpedia.org/resource/DBpedia
/Users/sharanyu/Desktop/CleanIS/data/course_materials/COMP6741/Labs/Lab04/COMP-474-2234-UU_Lab%20Session_04_Moodle.pdf,berlin,http://dbpedia.org/resource/Berlin
/Users/sharanyu/Desktop/CleanIS/data/course_materials/COMP6741/Labs/Lab04/COMP-474-2234-UU_Lab%20Session_04_Moodle.pdf,rdfs,http://dbpedia.org/resource/RDF_Schema
/Users/sharanyu/Desktop/CleanIS/data/course_materials/COMP6741/Labs/Lab04/COMP-474-2234-UU_Lab%20Session_04_Moodle.pdf,english,http://dbpedia.org/resource/English_language
/Users/sharanyu/Desktop/CleanIS/data/course_materials/COMP6741/Labs/Lab04/COMP-474-2234-UU_Lab%20Session_04_Moodle.pdf,siri,http://dbpedia.org/resource/Siri
/Users/sharanyu/Desktop/CleanIS/data/course_materials/COMP6741/Labs/Lab04/COMP-474-2234-UU_Lab%20Session_04_Moodle.pdf,alexa,http://dbpedia.org/resource/Amazon_Alexa
/Users/sharanyu/Desktop/CleanIS/data/course_materials/COMP6741/Labs/Lab04/COMP-474-2234-UU_Lab%20Session_04_Moodle.pdf,canada,http://dbpedia.org/resource/Canada
/Users/sharanyu/Desktop/CleanIS/data/course_materials/COMP6741/Labs/Lab04/COMP-474-2234-UU_Lab%20Session_04_Moodle.pdf,concordia university,http://dbpedia.org/resource/Main_Page
/Users/sharanyu/Desktop/CleanIS/data/course_materials/COMP6741/Labs/Lab04/COMP-474-2234-UU_Lab%20Session_04_Moodle.pdf,rdf,http://dbpedia.org/resource/Resource_Description_Framework
/Users/sharanyu/Desktop/CleanIS/data/course_materials/COMP6741/Labs/Lab04/COMP-474-2234-UU_Lab%20Session_04_Moodle.pdf,intelligent systems,http://dbpedia.org/resource/Artificial_intelligence
/Users/sharanyu/Desktop/CleanIS/data/course_materials/COMP6741/Labs/Lab04/COMP-474-2234-UU_Lab%20Session_04_Moodle.pdf,apache,http://dbpedia.org/resource/Apache_HTTP_Server
/Users/sharanyu/Desktop/CleanIS/data/course_materials/COMP6741/Labs/Lab04/COMP-474-2234-UU_Lab%20Session_04_Moodle.pdf,fuseki,http://dbpedia.org/resource/Fuseki
/Users/sharanyu/Desktop/CleanIS/data/course_materials/COMP6741/Labs/Lab04/COMP-474-2234-UU_Lab%20Session_04_Moodle.pdf,api,http://dbpedia.org/resource/Application_programming_interface
/Users/sharanyu/Desktop/CleanIS/data/course_materials/COMP6741/Labs/Lab04/COMP-474-2234-UU_Lab%20Session_04_Moodle.pdf,http,http://dbpedia.org/resource/Hypertext_Transfer_Protocol
/Users/sharanyu/Desktop/CleanIS/data/course_materials/COMP6741/Labs/Lab04/COMP-474-2234-UU_Lab%20Session_04_Moodle.pdf,linux,http://dbpedia.org/resource/Linux
/Users/sharanyu/Desktop/CleanIS/data/course_materials/COMP6741/Labs/Lab04/COMP-474-2234-UU_Lab%20Session_04_Moodle.pdf,windows,http://dbpedia.org/resource/Microsoft_Windows
/Users/sharanyu/Desktop/CleanIS/data/course_materials/COMP6741/Labs/Lab04/COMP-474-2234-UU_Lab%20Session_04_Moodle.pdf,gui,http://dbpedia.org/resource/Graphical_user_interface
/Users/sharanyu/Desktop/CleanIS/data/course_materials/COMP6741/Labs/Lab04/COMP-474-2234-UU_Lab%20Session_04_Moodle.pdf,powershell,http://dbpedia.org/resource/PowerShell
/Users/sharanyu/Desktop/CleanIS/data/course_materials/COMP6741/Labs/Lab04/COMP-474-2234-UU_Lab%20Session_04_Moodle.pdf,ai,http://dbpedia.org/resource/Artificial_intelligence
/Users/sharanyu/Desktop/CleanIS/data/course_materials/COMP6741/Labs/Lab04/COMP-474-2234-UU_Lab%20Session_04_Moodle.pdf,wikidata,http://dbpedia.org/resource/Wikidata
/Users/sharanyu/Desktop/CleanIS/data/course_materials/COMP6741/Labs/Lab04/COMP-474-2234-UU_Lab%20Session_04_Moodle.pdf,google,http://dbpedia.org/resource/Google
/Users/sharanyu/Desktop/CleanIS/data/course_materials/COMP6741/Labs/Lab04/COMP-474-2234-UU_Lab%20Session_04_Moodle.pdf,linkedin,http://dbpedia.org/resource/LinkedIn
/Users/sharanyu/Desktop/CleanIS/data/course_materials/COMP6741/Labs/Lab04/COMP-474-2234-UU_Lab%20Session_04_Moodle.pdf,netflix,http://dbpedia.org/resource/Netflix
/Users/sharanyu/Desktop/CleanIS/data/course_materials/COMP6741/Labs/Lab04/COMP-474-2234-UU_Lab%20Session_04_Moodle.pdf,spotify,http://dbpedia.org/resource/Spotify
/Users/sharanyu/Desktop/CleanIS/data/course_materials/COMP6741/Labs/Lab05/COMP-474-2234-UU_Lab%20Session_05_Moodle.pdf,moodle,http://dbpedia.org/resource/Moodle
/Users/sharanyu/Desktop/CleanIS/data/course_materials/COMP6741/Labs/Lab05/COMP-474-2234-UU_Lab%20Session_05_Moodle.pdf,this week,http://dbpedia.org/resource/This_Week_(American_TV_program)
/Users/sharanyu/Desktop/CleanIS/data/course_materials/COMP6741/Labs/Lab05/COMP-474-2234-UU_Lab%20Session_05_Moodle.pdf,dbpedia,http://dbpedia.org/resource/DBpedia
/Users/sharanyu/Desktop/CleanIS/data/course_materials/COMP6741/Labs/Lab05/COMP-474-2234-UU_Lab%20Session_05_Moodle.pdf,canada,http://dbpedia.org/resource/Canada
/Users/sharanyu/Desktop/CleanIS/data/course_materials/COMP6741/Labs/Lab05/COMP-474-2234-UU_Lab%20Session_05_Moodle.pdf,sparql,http://dbpedia.org/resource/SPARQL
/Users/sharanyu/Desktop/CleanIS/data/course_materials/COMP6741/Labs/Lab05/COMP-474-2234-UU_Lab%20Session_05_Moodle.pdf,concordia university,http://dbpedia.org/resource/Main_Page
/Users/sharanyu/Desktop/CleanIS/data/course_materials/COMP6741/Labs/Lab05/COMP-474-2234-UU_Lab%20Session_05_Moodle.pdf,english,http://dbpedia.org/resource/English_language
/Users/sharanyu/Desktop/CleanIS/data/course_materials/COMP6741/Labs/Lab05/COMP-474-2234-UU_Lab%20Session_05_Moodle.pdf,wikipedia,http://dbpedia.org/resource/Wikipedia
/Users/sharanyu/Desktop/CleanIS/data/course_materials/COMP6741/Labs/Lab05/COMP-474-2234-UU_Lab%20Session_05_Moodle.pdf,wikidata,http://dbpedia.org/resource/Wikidata
/Users/sharanyu/Desktop/CleanIS/data/course_materials/COMP6741/Labs/Lab05/COMP-474-2234-UU_Lab%20Session_05_Moodle.pdf,fuseki,http://dbpedia.org/resource/Fuseki
/Users/sharanyu/Desktop/CleanIS/data/course_materials/COMP6741/Labs/Lab05/COMP-474-2234-UU_Lab%20Session_05_Moodle.pdf,anaconda,http://dbpedia.org/resource/Anaconda
/Users/sharanyu/Desktop/CleanIS/data/course_materials/COMP6741/Labs/Lab05/COMP-474-2234-UU_Lab%20Session_05_Moodle.pdf,movielens,http://dbpedia.org/resource/MovieLens
/Users/sharanyu/Desktop/CleanIS/data/course_materials/COMP6741/Labs/Lab05/COMP-474-2234-UU_Lab%20Session_05_Moodle.pdf,dataframes,http://dbpedia.org/resource/Apache_Spark
/Users/sharanyu/Desktop/CleanIS/data/course_materials/COMP6741/Labs/Lab05/COMP-474-2234-UU_Lab%20Session_05_Moodle.pdf,linked data,http://dbpedia.org/resource/Linked_data
/Users/sharanyu/Desktop/CleanIS/data/course_materials/COMP6741/Labs/Lab05/COMP-474-2234-UU_Lab%20Session_05_Moodle.pdf,github,http://dbpedia.org/resource/GitHub
/Users/sharanyu/Desktop/CleanIS/data/course_materials/COMP6741/Labs/Lab05/COMP-474-2234-UU_Lab%20Session_05_Moodle.pdf,ta,http://dbpedia.org/resource/Azimuth
/Users/sharanyu/Desktop/CleanIS/data/course_materials/COMP6741/Labs/Lab02/COMP-474-2234-UU_Lab%20Session_02_Moodle.pdf,moodle,http://dbpedia.org/resource/Moodle
/Users/sharanyu/Desktop/CleanIS/data/course_materials/COMP6741/Labs/Lab02/COMP-474-2234-UU_Lab%20Session_02_Moodle.pdf,rdf,http://dbpedia.org/resource/Resource_Description_Framework
/Users/sharanyu/Desktop/CleanIS/data/course_materials/COMP6741/Labs/Lab02/COMP-474-2234-UU_Lab%20Session_02_Moodle.pdf,graph,http://dbpedia.org/resource/Graph_database
/Users/sharanyu/Desktop/CleanIS/data/course_materials/COMP6741/Labs/Lab02/COMP-474-2234-UU_Lab%20Session_02_Moodle.pdf,rdf schema,http://dbpedia.org/resource/RDF_Schema
/Users/sharanyu/Desktop/CleanIS/data/course_materials/COMP6741/Labs/Lab02/COMP-474-2234-UU_Lab%20Session_02_Moodle.pdf,wikidata,http://dbpedia.org/resource/Wikidata
/Users/sharanyu/Desktop/CleanIS/data/course_materials/COMP6741/Labs/Lab02/COMP-474-2234-UU_Lab%20Session_02_Moodle.pdf,concordia,http://dbpedia.org/resource/Concordia_University
/Users/sharanyu/Desktop/CleanIS/data/course_materials/COMP6741/Labs/Lab02/COMP-474-2234-UU_Lab%20Session_02_Moodle.pdf,java,http://dbpedia.org/resource/Java_virtual_machine
/Users/sharanyu/Desktop/CleanIS/data/course_materials/COMP6741/Labs/Lab02/COMP-474-2234-UU_Lab%20Session_02_Moodle.pdf,n-triples,http://dbpedia.org/resource/N-Triples
/Users/sharanyu/Desktop/CleanIS/data/course_materials/COMP6741/Labs/Lab02/COMP-474-2234-UU_Lab%20Session_02_Moodle.pdf,sparql,http://dbpedia.org/resource/SPARQL
/Users/sharanyu/Desktop/CleanIS/data/course_materials/COMP6741/Labs/Lab02/COMP-474-2234-UU_Lab%20Session_02_Moodle.pdf,dbpedia,http://dbpedia.org/resource/DBpedia
/Users/sharanyu/Desktop/CleanIS/data/course_materials/COMP6741/Labs/Lab02/COMP-474-2234-UU_Lab%20Session_02_Moodle.pdf,xor,http://dbpedia.org/resource/Bitwise_operation
/Users/sharanyu/Desktop/CleanIS/data/course_materials/COMP6741/Labs/Lab02/COMP-474-2234-UU_Lab%20Session_02_Moodle.pdf,concordia university,http://dbpedia.org/resource/Main_Page
/Users/sharanyu/Desktop/CleanIS/data/course_materials/COMP6741/Labs/Lab02/COMP-474-2234-UU_Lab%20Session_02_Moodle.pdf,ai,http://dbpedia.org/resource/Artificial_intelligence
/Users/sharanyu/Desktop/CleanIS/data/course_materials/COMP6741/Labs/Lab02/COMP-474-2234-UU_Lab%20Session_02_Moodle.pdf,montreal,http://dbpedia.org/resource/Montreal
/Users/sharanyu/Desktop/CleanIS/data/course_materials/COMP6741/Labs/Lab01/COMP-474-2234-UU_Lab%20Session_01_Moodle.pdf,moodle,http://dbpedia.org/resource/Moodle
/Users/sharanyu/Desktop/CleanIS/data/course_materials/COMP6741/Labs/Lab01/COMP-474-2234-UU_Lab%20Session_01_Moodle.pdf,ta,http://dbpedia.org/resource/Teaching_assistant
/Users/sharanyu/Desktop/CleanIS/data/course_materials/COMP6741/Labs/Lab01/COMP-474-2234-UU_Lab%20Session_01_Moodle.pdf,linux,http://dbpedia.org/resource/Linux
/Users/sharanyu/Desktop/CleanIS/data/course_materials/COMP6741/Labs/Lab01/COMP-474-2234-UU_Lab%20Session_01_Moodle.pdf,windows,http://dbpedia.org/resource/Microsoft_Windows
/Users/sharanyu/Desktop/CleanIS/data/course_materials/COMP6741/Labs/Lab01/COMP-474-2234-UU_Lab%20Session_01_Moodle.pdf,python,http://dbpedia.org/resource/Monty_Python
/Users/sharanyu/Desktop/CleanIS/data/course_materials/COMP6741/Labs/Lab01/COMP-474-2234-UU_Lab%20Session_01_Moodle.pdf,github,http://dbpedia.org/resource/GitHub
/Users/sharanyu/Desktop/CleanIS/data/course_materials/COMP6741/Labs/Lab01/COMP-474-2234-UU_Lab%20Session_01_Moodle.pdf,concordia,http://dbpedia.org/resource/Concordia_University
/Users/sharanyu/Desktop/CleanIS/data/course_materials/COMP6741/Labs/Lab01/COMP-474-2234-UU_Lab%20Session_01_Moodle.pdf,eliza,http://dbpedia.org/resource/ELIZA
/Users/sharanyu/Desktop/CleanIS/data/course_materials/COMP6741/Lectures/Lecture04/worksheets/worksheet04.pdf,recommender systems,http://dbpedia.org/resource/Recommender_system
/Users/sharanyu/Desktop/CleanIS/data/course_materials/COMP6741/Lectures/Lecture04/worksheets/worksheet04.pdf,target,http://dbpedia.org/resource/Target_Corporation
/Users/sharanyu/Desktop/CleanIS/data/course_materials/COMP6741/Lectures/Lecture04/worksheets/worksheet04.pdf,ap,http://dbpedia.org/resource/Associated_Press
/Users/sharanyu/Desktop/CleanIS/data/course_materials/COMP6741/Lectures/Lecture04/slides/BaseQueries_and_LinkedOpenDataset04.pdf,owl,http://dbpedia.org/resource/Web_Ontology_Language
/Users/sharanyu/Desktop/CleanIS/data/course_materials/COMP6741/Lectures/Lecture04/slides/BaseQueries_and_LinkedOpenDataset04.pdf,sparql,http://dbpedia.org/resource/SPARQL
/Users/sharanyu/Desktop/CleanIS/data/course_materials/COMP6741/Lectures/Lecture04/slides/BaseQueries_and_LinkedOpenDataset04.pdf,linked open data,http://dbpedia.org/resource/Linked_data
/Users/sharanyu/Desktop/CleanIS/data/course_materials/COMP6741/Lectures/Lecture04/slides/BaseQueries_and_LinkedOpenDataset04.pdf,lod,http://dbpedia.org/resource/Level_of_detail
/Users/sharanyu/Desktop/CleanIS/data/course_materials/COMP6741/Lectures/Lecture04/slides/BaseQueries_and_LinkedOpenDataset04.pdf,dbpedia,http://dbpedia.org/resource/DBpedia
/Users/sharanyu/Desktop/CleanIS/data/course_materials/COMP6741/Lectures/Lecture04/slides/BaseQueries_and_LinkedOpenDataset04.pdf,linked data,http://dbpedia.org/resource/Linked_data
/Users/sharanyu/Desktop/CleanIS/data/course_materials/COMP6741/Lectures/Lecture04/slides/BaseQueries_and_LinkedOpenDataset04.pdf,rdfs,http://dbpedia.org/resource/RDF_Schema
/Users/sharanyu/Desktop/CleanIS/data/course_materials/COMP6741/Lectures/Lecture04/slides/BaseQueries_and_LinkedOpenDataset04.pdf,rdf,http://dbpedia.org/resource/Resource_Description_Framework
/Users/sharanyu/Desktop/CleanIS/data/course_materials/COMP6741/Lectures/Lecture04/slides/BaseQueries_and_LinkedOpenDataset04.pdf,amsterdam,http://dbpedia.org/resource/Amsterdam
/Users/sharanyu/Desktop/CleanIS/data/course_materials/COMP6741/Lectures/Lecture04/slides/BaseQueries_and_LinkedOpenDataset04.pdf,geonames,http://dbpedia.org/resource/GeoNames
/Users/sharanyu/Desktop/CleanIS/data/course_materials/COMP6741/Lectures/Lecture04/slides/BaseQueries_and_LinkedOpenDataset04.pdf,poetry,http://dbpedia.org/resource/Poetry
/Users/sharanyu/Desktop/CleanIS/data/course_materials/COMP6741/Lectures/Lecture04/slides/BaseQueries_and_LinkedOpenDataset04.pdf,uniprot,http://dbpedia.org/resource/UniProt
/Users/sharanyu/Desktop/CleanIS/data/course_materials/COMP6741/Lectures/Lecture04/slides/BaseQueries_and_LinkedOpenDataset04.pdf,graph,http://dbpedia.org/resource/Graph_database
/Users/sharanyu/Desktop/CleanIS/data/course_materials/COMP6741/Lectures/Lecture04/slides/BaseQueries_and_LinkedOpenDataset04.pdf,avg,http://dbpedia.org/resource/AVG_AntiVirus
/Users/sharanyu/Desktop/CleanIS/data/course_materials/COMP6741/Lectures/Lecture04/slides/BaseQueries_and_LinkedOpenDataset04.pdf,max,http://dbpedia.org/resource/MAX_Light_Rail
/Users/sharanyu/Desktop/CleanIS/data/course_materials/COMP6741/Lectures/Lecture04/slides/BaseQueries_and_LinkedOpenDataset04.pdf,mexico,http://dbpedia.org/resource/Mexico
/Users/sharanyu/Desktop/CleanIS/data/course_materials/COMP6741/Lectures/Lecture04/slides/BaseQueries_and_LinkedOpenDataset04.pdf,http,http://dbpedia.org/resource/Hypertext_Transfer_Protocol
/Users/sharanyu/Desktop/CleanIS/data/course_materials/COMP6741/Lectures/Lecture04/slides/BaseQueries_and_LinkedOpenDataset04.pdf,soap,http://dbpedia.org/resource/SOAP
/Users/sharanyu/Desktop/CleanIS/data/course_materials/COMP6741/Lectures/Lecture04/slides/BaseQueries_and_LinkedOpenDataset04.pdf,xml,http://dbpedia.org/resource/XML
/Users/sharanyu/Desktop/CleanIS/data/course_materials/COMP6741/Lectures/Lecture04/slides/BaseQueries_and_LinkedOpenDataset04.pdf,n-triples,http://dbpedia.org/resource/N-Triples
/Users/sharanyu/Desktop/CleanIS/data/course_materials/COMP6741/Lectures/Lecture04/slides/BaseQueries_and_LinkedOpenDataset04.pdf,mona lisa,http://dbpedia.org/resource/Mona_Lisa
/Users/sharanyu/Desktop/CleanIS/data/course_materials/COMP6741/Lectures/Lecture04/slides/BaseQueries_and_LinkedOpenDataset04.pdf,iri,http://dbpedia.org/resource/Internationalized_Resource_Identifier
/Users/sharanyu/Desktop/CleanIS/data/course_materials/COMP6741/Lectures/Lecture04/slides/BaseQueries_and_LinkedOpenDataset04.pdf,post,http://dbpedia.org/resource/Power-on_self-test
/Users/sharanyu/Desktop/CleanIS/data/course_materials/COMP6741/Lectures/Lecture04/slides/BaseQueries_and_LinkedOpenDataset04.pdf,csv,http://dbpedia.org/resource/Comma-separated_values
/Users/sharanyu/Desktop/CleanIS/data/course_materials/COMP6741/Lectures/Lecture04/slides/BaseQueries_and_LinkedOpenDataset04.pdf,wikipedia,http://dbpedia.org/resource/Wikipedia
/Users/sharanyu/Desktop/CleanIS/data/course_materials/COMP6741/Lectures/Lecture04/slides/BaseQueries_and_LinkedOpenDataset04.pdf,tim berners-lee,http://dbpedia.org/resource/Tim_Berners-Lee
/Users/sharanyu/Desktop/CleanIS/data/course_materials/COMP6741/Lectures/Lecture04/slides/BaseQueries_and_LinkedOpenDataset04.pdf,canada,http://dbpedia.org/resource/Canada
/Users/sharanyu/Desktop/CleanIS/data/course_materials/COMP6741/Lectures/Lecture04/slides/BaseQueries_and_LinkedOpenDataset04.pdf,google,http://dbpedia.org/resource/Google
/Users/sharanyu/Desktop/CleanIS/data/course_materials/COMP6741/Lectures/Lecture04/slides/BaseQueries_and_LinkedOpenDataset04.pdf,babelnet,http://dbpedia.org/resource/BabelNet
/Users/sharanyu/Desktop/CleanIS/data/course_materials/COMP6741/Lectures/Lecture04/slides/BaseQueries_and_LinkedOpenDataset04.pdf,dieter fensel,http://dbpedia.org/resource/Dieter_Fensel
/Users/sharanyu/Desktop/CleanIS/data/course_materials/COMP6741/Lectures/Lecture04/slides/BaseQueries_and_LinkedOpenDataset04.pdf,cham,http://dbpedia.org/resource/Cham_Albanians
/Users/sharanyu/Desktop/CleanIS/data/course_materials/COMP6741/Lectures/Lecture04/slides/BaseQueries_and_LinkedOpenDataset04.pdf,springer international publishing,http://dbpedia.org/resource/Springer_Nature
/Users/sharanyu/Desktop/CleanIS/data/course_materials/COMP6741/Lectures/Lecture03/worksheets/worksheet03.pdf,concordia university,http://dbpedia.org/resource/Main_Page
/Users/sharanyu/Desktop/CleanIS/data/course_materials/COMP6741/Lectures/Lecture03/worksheets/worksheet03.pdf,dbpedia,http://dbpedia.org/resource/DBpedia
/Users/sharanyu/Desktop/CleanIS/data/course_materials/COMP6741/Lectures/Lecture03/worksheets/worksheet03.pdf,wikidata,http://dbpedia.org/resource/Wikidata
/Users/sharanyu/Desktop/CleanIS/data/course_materials/COMP6741/Lectures/Lecture03/worksheets/worksheet03.pdf,montreal,http://dbpedia.org/resource/Montreal
/Users/sharanyu/Desktop/CleanIS/data/course_materials/COMP6741/Lectures/Lecture03/worksheets/worksheet03.pdf,concordia,http://dbpedia.org/resource/Concordia_University
/Users/sharanyu/Desktop/CleanIS/data/course_materials/COMP6741/Lectures/Lecture03/worksheets/worksheet03.pdf,dawson college,http://dbpedia.org/resource/Dawson_College
/Users/sharanyu/Desktop/CleanIS/data/course_materials/COMP6741/Lectures/Lecture03/worksheets/worksheet03.pdf,yangtze,http://dbpedia.org/resource/Yangtze
/Users/sharanyu/Desktop/CleanIS/data/course_materials/COMP6741/Lectures/Lecture03/slides/VocabulariesAndOntologies03.pdf,rdf schema,http://dbpedia.org/resource/RDF_Schema
/Users/sharanyu/Desktop/CleanIS/data/course_materials/COMP6741/Lectures/Lecture03/slides/VocabulariesAndOntologies03.pdf,rdfs,http://dbpedia.org/resource/RDF_Schema
/Users/sharanyu/Desktop/CleanIS/data/course_materials/COMP6741/Lectures/Lecture03/slides/VocabulariesAndOntologies03.pdf,foaf,http://dbpedia.org/resource/FOAF_(ontology)
/Users/sharanyu/Desktop/CleanIS/data/course_materials/COMP6741/Lectures/Lecture03/slides/VocabulariesAndOntologies03.pdf,schema.org,http://dbpedia.org/resource/Schema.org
/Users/sharanyu/Desktop/CleanIS/data/course_materials/COMP6741/Lectures/Lecture03/slides/VocabulariesAndOntologies03.pdf,ai,http://dbpedia.org/resource/Artificial_intelligence
/Users/sharanyu/Desktop/CleanIS/data/course_materials/COMP6741/Lectures/Lecture03/slides/VocabulariesAndOntologies03.pdf,rdf,http://dbpedia.org/resource/Resource_Description_Framework
/Users/sharanyu/Desktop/CleanIS/data/course_materials/COMP6741/Lectures/Lecture03/slides/VocabulariesAndOntologies03.pdf,n3,http://dbpedia.org/resource/Notation3
/Users/sharanyu/Desktop/CleanIS/data/course_materials/COMP6741/Lectures/Lecture03/slides/VocabulariesAndOntologies03.pdf,json,http://dbpedia.org/resource/JSON
/Users/sharanyu/Desktop/CleanIS/data/course_materials/COMP6741/Lectures/Lecture03/slides/VocabulariesAndOntologies03.pdf,unicode,http://dbpedia.org/resource/Unicode
/Users/sharanyu/Desktop/CleanIS/data/course_materials/COMP6741/Lectures/Lecture03/slides/VocabulariesAndOntologies03.pdf,the glass palace,http://dbpedia.org/resource/The_Glass_Palace
/Users/sharanyu/Desktop/CleanIS/data/course_materials/COMP6741/Lectures/Lecture03/slides/VocabulariesAndOntologies03.pdf,london,http://dbpedia.org/resource/London
/Users/sharanyu/Desktop/CleanIS/data/course_materials/COMP6741/Lectures/Lecture03/slides/VocabulariesAndOntologies03.pdf,ted,http://dbpedia.org/resource/MOS_Technology_TED
/Users/sharanyu/Desktop/CleanIS/data/course_materials/COMP6741/Lectures/Lecture03/slides/VocabulariesAndOntologies03.pdf,pokémon,http://dbpedia.org/resource/Pokémon
/Users/sharanyu/Desktop/CleanIS/data/course_materials/COMP6741/Lectures/Lecture03/slides/VocabulariesAndOntologies03.pdf,vvv,http://dbpedia.org/resource/VVV-Venlo
/Users/sharanyu/Desktop/CleanIS/data/course_materials/COMP6741/Lectures/Lecture03/slides/VocabulariesAndOntologies03.pdf,iri,http://dbpedia.org/resource/Internationalized_Resource_Identifier
/Users/sharanyu/Desktop/CleanIS/data/course_materials/COMP6741/Lectures/Lecture03/slides/VocabulariesAndOntologies03.pdf,thesauri,http://dbpedia.org/resource/Thesaurus
/Users/sharanyu/Desktop/CleanIS/data/course_materials/COMP6741/Lectures/Lecture03/slides/VocabulariesAndOntologies03.pdf,dewey decimal classification,http://dbpedia.org/resource/Dewey_Decimal_Classification
/Users/sharanyu/Desktop/CleanIS/data/course_materials/COMP6741/Lectures/Lecture03/slides/VocabulariesAndOntologies03.pdf,loc,http://dbpedia.org/resource/Library_of_Congress
/Users/sharanyu/Desktop/CleanIS/data/course_materials/COMP6741/Lectures/Lecture03/slides/VocabulariesAndOntologies03.pdf,iso,http://dbpedia.org/resource/International_Organization_for_Standardization
/Users/sharanyu/Desktop/CleanIS/data/course_materials/COMP6741/Lectures/Lecture03/slides/VocabulariesAndOntologies03.pdf,the artist,http://dbpedia.org/resource/The_Artist_and_Journal_of_Home_Culture
/Users/sharanyu/Desktop/CleanIS/data/course_materials/COMP6741/Lectures/Lecture03/slides/VocabulariesAndOntologies03.pdf,chapter 7,http://dbpedia.org/resource/Chapter_VII_of_the_United_Nations_Charter
/Users/sharanyu/Desktop/CleanIS/data/course_materials/COMP6741/Lectures/Lecture03/slides/VocabulariesAndOntologies03.pdf,linked data,http://dbpedia.org/resource/Linked_data
/Users/sharanyu/Desktop/CleanIS/data/course_materials/COMP6741/Lectures/Lecture02/worksheets/worksheet02.pdf,n3,http://dbpedia.org/resource/Notation3
/Users/sharanyu/Desktop/CleanIS/data/course_materials/COMP6741/Lectures/Lecture02/worksheets/worksheet02.pdf,concordia,http://dbpedia.org/resource/Concordia_University
/Users/sharanyu/Desktop/CleanIS/data/course_materials/COMP6741/Lectures/Lecture02/worksheets/worksheet02.pdf,rdf,http://dbpedia.org/resource/Resource_Description_Framework
/Users/sharanyu/Desktop/CleanIS/data/course_materials/COMP6741/Lectures/Lecture02/worksheets/worksheet02.pdf,jane,http://dbpedia.org/resource/Bennet_family
/Users/sharanyu/Desktop/CleanIS/data/course_materials/COMP6741/Lectures/Lecture02/worksheets/worksheet02.pdf,iri,http://dbpedia.org/resource/Internationalized_Resource_Identifier
/Users/sharanyu/Desktop/CleanIS/data/course_materials/COMP6741/Lectures/Lecture02/worksheets/worksheet02.pdf,english,http://dbpedia.org/resource/English_language
/Users/sharanyu/Desktop/CleanIS/data/course_materials/COMP6741/Lectures/Lecture02/worksheets/worksheet02.pdf,french,http://dbpedia.org/resource/French_language
/Users/sharanyu/Desktop/CleanIS/data/course_materials/COMP6741/Lectures/Lecture02/worksheets/worksheet02.pdf,foaf,http://dbpedia.org/resource/FOAF_(ontology)
/Users/sharanyu/Desktop/CleanIS/data/course_materials/COMP6741/Lectures/Lecture02/slides/KnowledgeBase02.pdf,rdf,http://dbpedia.org/resource/Resource_Description_Framework
/Users/sharanyu/Desktop/CleanIS/data/course_materials/COMP6741/Lectures/Lecture02/slides/KnowledgeBase02.pdf,dbpedia,http://dbpedia.org/resource/DBpedia
/Users/sharanyu/Desktop/CleanIS/data/course_materials/COMP6741/Lectures/Lecture02/slides/KnowledgeBase02.pdf,wikidata,http://dbpedia.org/resource/Wikidata
/Users/sharanyu/Desktop/CleanIS/data/course_materials/COMP6741/Lectures/Lecture02/slides/KnowledgeBase02.pdf,ibm,http://dbpedia.org/resource/IBM
/Users/sharanyu/Desktop/CleanIS/data/course_materials/COMP6741/Lectures/Lecture02/slides/KnowledgeBase02.pdf,knowledge graph,http://dbpedia.org/resource/Knowledge_Graph
/Users/sharanyu/Desktop/CleanIS/data/course_materials/COMP6741/Lectures/Lecture02/slides/KnowledgeBase02.pdf,graph,http://dbpedia.org/resource/Graph_database
/Users/sharanyu/Desktop/CleanIS/data/course_materials/COMP6741/Lectures/Lecture02/slides/KnowledgeBase02.pdf,ai,http://dbpedia.org/resource/Artificial_intelligence
/Users/sharanyu/Desktop/CleanIS/data/course_materials/COMP6741/Lectures/Lecture02/slides/KnowledgeBase02.pdf,wikipedia,http://dbpedia.org/resource/Wikipedia
/Users/sharanyu/Desktop/CleanIS/data/course_materials/COMP6741/Lectures/Lecture02/slides/KnowledgeBase02.pdf,youtube,http://dbpedia.org/resource/YouTube
/Users/sharanyu/Desktop/CleanIS/data/course_materials/COMP6741/Lectures/Lecture02/slides/KnowledgeBase02.pdf,semantic networks,http://dbpedia.org/resource/Semantic_network
/Users/sharanyu/Desktop/CleanIS/data/course_materials/COMP6741/Lectures/Lecture02/slides/KnowledgeBase02.pdf,description logic,http://dbpedia.org/resource/Description_logic
/Users/sharanyu/Desktop/CleanIS/data/course_materials/COMP6741/Lectures/Lecture02/slides/KnowledgeBase02.pdf,rdfs,http://dbpedia.org/resource/RDF_Schema
/Users/sharanyu/Desktop/CleanIS/data/course_materials/COMP6741/Lectures/Lecture02/slides/KnowledgeBase02.pdf,owl,http://dbpedia.org/resource/Web_Ontology_Language
/Users/sharanyu/Desktop/CleanIS/data/course_materials/COMP6741/Lectures/Lecture02/slides/KnowledgeBase02.pdf,foaf,http://dbpedia.org/resource/FOAF_(ontology)
/Users/sharanyu/Desktop/CleanIS/data/course_materials/COMP6741/Lectures/Lecture02/slides/KnowledgeBase02.pdf,oracle spatial,http://dbpedia.org/resource/Oracle_Spatial_and_Graph
/Users/sharanyu/Desktop/CleanIS/data/course_materials/COMP6741/Lectures/Lecture02/slides/KnowledgeBase02.pdf,facebook graph search,http://dbpedia.org/resource/Facebook_Graph_Search
/Users/sharanyu/Desktop/CleanIS/data/course_materials/COMP6741/Lectures/Lecture02/slides/KnowledgeBase02.pdf,tbl,http://dbpedia.org/resource/Basketball_Super_League
/Users/sharanyu/Desktop/CleanIS/data/course_materials/COMP6741/Lectures/Lecture02/slides/KnowledgeBase02.pdf,ted,http://dbpedia.org/resource/MOS_Technology_TED
/Users/sharanyu/Desktop/CleanIS/data/course_materials/COMP6741/Lectures/Lecture02/slides/KnowledgeBase02.pdf,the next web,http://dbpedia.org/resource/The_Next_Web
/Users/sharanyu/Desktop/CleanIS/data/course_materials/COMP6741/Lectures/Lecture02/slides/KnowledgeBase02.pdf,mona lisa,http://dbpedia.org/resource/Mona_Lisa
/Users/sharanyu/Desktop/CleanIS/data/course_materials/COMP6741/Lectures/Lecture02/slides/KnowledgeBase02.pdf,leonardo da vinci,http://dbpedia.org/resource/Leonardo_da_Vinci
/Users/sharanyu/Desktop/CleanIS/data/course_materials/COMP6741/Lectures/Lecture02/slides/KnowledgeBase02.pdf,world wide web consortium,http://dbpedia.org/resource/World_Wide_Web_Consortium
/Users/sharanyu/Desktop/CleanIS/data/course_materials/COMP6741/Lectures/Lecture02/slides/KnowledgeBase02.pdf,n3,http://dbpedia.org/resource/Notation3
/Users/sharanyu/Desktop/CleanIS/data/course_materials/COMP6741/Lectures/Lecture02/slides/KnowledgeBase02.pdf,iri,http://dbpedia.org/resource/Internationalized_Resource_Identifier
/Users/sharanyu/Desktop/CleanIS/data/course_materials/COMP6741/Lectures/Lecture02/slides/KnowledgeBase02.pdf,suffix,http://dbpedia.org/resource/Substring
/Users/sharanyu/Desktop/CleanIS/data/course_materials/COMP6741/Lectures/Lecture02/slides/KnowledgeBase02.pdf,n-triples,http://dbpedia.org/resource/N-Triples
/Users/sharanyu/Desktop/CleanIS/data/course_materials/COMP6741/Lectures/Lecture02/slides/KnowledgeBase02.pdf,java,http://dbpedia.org/resource/Java_virtual_machine
/Users/sharanyu/Desktop/CleanIS/data/course_materials/COMP6741/Lectures/Lecture02/slides/KnowledgeBase02.pdf,php,http://dbpedia.org/resource/PHP
/Users/sharanyu/Desktop/CleanIS/data/course_materials/COMP6741/Lectures/Lecture02/slides/KnowledgeBase02.pdf,london,http://dbpedia.org/resource/London
/Users/sharanyu/Desktop/CleanIS/data/course_materials/COMP6741/Lectures/Lecture02/slides/KnowledgeBase02.pdf,french,http://dbpedia.org/resource/French_language
/Users/sharanyu/Desktop/CleanIS/data/course_materials/COMP6741/Lectures/Lecture02/slides/KnowledgeBase02.pdf,a12,http://dbpedia.org/resource/Nissan_A_engine
/Users/sharanyu/Desktop/CleanIS/data/course_materials/COMP6741/Lectures/Lecture02/slides/KnowledgeBase02.pdf,a11,http://dbpedia.org/resource/Taylorcraft_Auster
/Users/sharanyu/Desktop/CleanIS/data/course_materials/COMP6741/Lectures/Lecture02/slides/KnowledgeBase02.pdf,llm,http://dbpedia.org/resource/Master_of_Laws
/Users/sharanyu/Desktop/CleanIS/data/course_materials/COMP6741/Lectures/Lecture05/worksheets/worksheet05.pdf,knn,http://dbpedia.org/resource/K-nearest_neighbors_algorithm
/Users/sharanyu/Desktop/CleanIS/data/course_materials/COMP6741/Lectures/Lecture05/slides/RecommederSystems05.pdf,netflix,http://dbpedia.org/resource/Netflix
/Users/sharanyu/Desktop/CleanIS/data/course_materials/COMP6741/Lectures/Lecture05/slides/RecommederSystems05.pdf,recommender systems,http://dbpedia.org/resource/Recommender_system
/Users/sharanyu/Desktop/CleanIS/data/course_materials/COMP6741/Lectures/Lecture05/slides/RecommederSystems05.pdf,prabhakar raghavan,http://dbpedia.org/resource/Prabhakar_Raghavan
/Users/sharanyu/Desktop/CleanIS/data/course_materials/COMP6741/Lectures/Lecture05/slides/RecommederSystems05.pdf,cambridge university press,http://dbpedia.org/resource/Cambridge_University_Press
/Users/sharanyu/Desktop/CleanIS/data/course_materials/COMP6741/Lectures/Lecture05/slides/RecommederSystems05.pdf,metadata,http://dbpedia.org/resource/Metadata
/Users/sharanyu/Desktop/CleanIS/data/course_materials/COMP6741/Lectures/Lecture05/slides/RecommederSystems05.pdf,5.15,http://dbpedia.org/resource/5:15
/Users/sharanyu/Desktop/CleanIS/data/course_materials/COMP6741/Lectures/Lecture05/slides/RecommederSystems05.pdf,cosine,http://dbpedia.org/resource/Trigonometric_functions
/Users/sharanyu/Desktop/CleanIS/data/course_materials/COMP6741/Lectures/Lecture05/slides/RecommederSystems05.pdf,amazon,http://dbpedia.org/resource/Amazon_rainforest
/Users/sharanyu/Desktop/CleanIS/data/course_materials/COMP6741/Lectures/Lecture05/slides/RecommederSystems05.pdf,ap,http://dbpedia.org/resource/Wireless_access_point
/Users/sharanyu/Desktop/CleanIS/data/course_materials/COMP6741/Lectures/Lecture05/slides/RecommederSystems05.pdf,anthony julius,http://dbpedia.org/resource/Anthony_Julius
/Users/sharanyu/Desktop/CleanIS/data/course_materials/COMP6741/Lectures/Lecture05/slides/RecommederSystems05.pdf,mary,http://dbpedia.org/resource/Mary_Shelley
/Users/sharanyu/Desktop/CleanIS/data/course_materials/COMP6741/Lectures/Lecture05/slides/RecommederSystems05.pdf,doug turnbull,http://dbpedia.org/resource/Doug_Turnbull
/Users/sharanyu/Desktop/CleanIS/data/course_materials/COMP6741/Lectures/Lecture05/slides/RecommederSystems05.pdf,john berryman,http://dbpedia.org/resource/John_Berryman
/Users/sharanyu/Desktop/CleanIS/data/course_materials/COMP6741/Lectures/Lecture06/worksheets/worksheet06.pdf,concordia,http://dbpedia.org/resource/Concordia_University
/Users/sharanyu/Desktop/CleanIS/data/course_materials/COMP6741/Lectures/Lecture06/worksheets/worksheet06.pdf,concordia university,http://dbpedia.org/resource/Main_Page
/Users/sharanyu/Desktop/CleanIS/data/course_materials/COMP6741/Lectures/Lecture06/worksheets/worksheet06.pdf,ml,http://dbpedia.org/resource/Machine_learning
/Users/sharanyu/Desktop/CleanIS/data/course_materials/COMP6741/Lectures/Lecture06/worksheets/worksheet06.pdf,2d,http://dbpedia.org/resource/Dimension
/Users/sharanyu/Desktop/CleanIS/data/course_materials/COMP6741/Lectures/Lecture06/worksheets/worksheet06.pdf,steve jobs,http://dbpedia.org/resource/Steve_Jobs
/Users/sharanyu/Desktop/CleanIS/data/course_materials/COMP6741/Lectures/Lecture06/worksheets/worksheet06.pdf,mcgill,http://dbpedia.org/resource/McGill_University
/Users/sharanyu/Desktop/CleanIS/data/course_materials/COMP6741/Lectures/Lecture06/worksheets/worksheet06.pdf,nlp,http://dbpedia.org/resource/Natural_language_processing
/Users/sharanyu/Desktop/CleanIS/data/course_materials/COMP6741/Lectures/Lecture06/worksheets/worksheet06.pdf,english,http://dbpedia.org/resource/English_language
/Users/sharanyu/Desktop/CleanIS/data/course_materials/COMP6741/Lectures/Lecture06/worksheets/worksheet06.pdf,opencalais,http://dbpedia.org/resource/Calais_(Reuters_product)
/Users/sharanyu/Desktop/CleanIS/data/course_materials/COMP6741/Lectures/Lecture06/worksheets/worksheet06.pdf,wikipedia,http://dbpedia.org/resource/Wikipedia
/Users/sharanyu/Desktop/CleanIS/data/course_materials/COMP6741/Lectures/Lecture06/worksheets/worksheet06.pdf,rdf,http://dbpedia.org/resource/Resource_Description_Framework
/Users/sharanyu/Desktop/CleanIS/data/course_materials/COMP6741/Lectures/Lecture06/worksheets/worksheet06.pdf,paris hilton,http://dbpedia.org/resource/Paris_Hilton
/Users/sharanyu/Desktop/CleanIS/data/course_materials/COMP6741/Lectures/Lecture06/worksheets/worksheet06.pdf,hilton,http://dbpedia.org/resource/Hilton_Worldwide
/Users/sharanyu/Desktop/CleanIS/data/course_materials/COMP6741/Lectures/Lecture06/worksheets/worksheet06.pdf,paris,http://dbpedia.org/resource/Paris
/Users/sharanyu/Desktop/CleanIS/data/course_materials/COMP6741/Lectures/Lecture06/worksheets/worksheet06.pdf,dbpedia,http://dbpedia.org/resource/DBpedia
/Users/sharanyu/Desktop/CleanIS/data/course_materials/COMP6741/Lectures/Lecture06/slides/MachineLearning06.pdf,machine learning,http://dbpedia.org/resource/Machine_learning
/Users/sharanyu/Desktop/CleanIS/data/course_materials/COMP6741/Lectures/Lecture06/slides/MachineLearning06.pdf,ml,http://dbpedia.org/resource/Machine_learning
/Users/sharanyu/Desktop/CleanIS/data/course_materials/COMP6741/Lectures/Lecture06/slides/MachineLearning06.pdf,comp,http://dbpedia.org/resource/College_of_Osteopathic_Medicine_of_the_Pacific
/Users/sharanyu/Desktop/CleanIS/data/course_materials/COMP6741/Lectures/Lecture06/slides/MachineLearning06.pdf,ai,http://dbpedia.org/resource/Artificial_intelligence
/Users/sharanyu/Desktop/CleanIS/data/course_materials/COMP6741/Lectures/Lecture06/slides/MachineLearning06.pdf,dl,http://dbpedia.org/resource/X86
/Users/sharanyu/Desktop/CleanIS/data/course_materials/COMP6741/Lectures/Lecture06/slides/MachineLearning06.pdf,rdfs,http://dbpedia.org/resource/RDF_Schema
/Users/sharanyu/Desktop/CleanIS/data/course_materials/COMP6741/Lectures/Lecture06/slides/MachineLearning06.pdf,eda,http://dbpedia.org/resource/Electronic_design_automation
/Users/sharanyu/Desktop/CleanIS/data/course_materials/COMP6741/Lectures/Lecture06/slides/MachineLearning06.pdf,enron,http://dbpedia.org/resource/Enron
/Users/sharanyu/Desktop/CleanIS/data/course_materials/COMP6741/Lectures/Lecture06/slides/MachineLearning06.pdf,cambridge analytica,http://dbpedia.org/resource/Cambridge_Analytica
/Users/sharanyu/Desktop/CleanIS/data/course_materials/COMP6741/Lectures/Lecture06/slides/MachineLearning06.pdf,netflix,http://dbpedia.org/resource/Netflix
/Users/sharanyu/Desktop/CleanIS/data/course_materials/COMP6741/Lectures/Lecture06/slides/MachineLearning06.pdf,british,http://dbpedia.org/resource/United_Kingdom
/Users/sharanyu/Desktop/CleanIS/data/course_materials/COMP6741/Lectures/Lecture06/slides/MachineLearning06.pdf,bsd license,http://dbpedia.org/resource/BSD_licenses
/Users/sharanyu/Desktop/CleanIS/data/course_materials/COMP6741/Lectures/Lecture06/slides/MachineLearning06.pdf,cross-validation,http://dbpedia.org/resource/Cross-validation_(statistics)
/Users/sharanyu/Desktop/CleanIS/data/course_materials/COMP6741/Lectures/Lecture06/slides/MachineLearning06.pdf,chapter 7,http://dbpedia.org/resource/Chapter_VII_of_the_United_Nations_Charter
/Users/sharanyu/Desktop/CleanIS/data/course_materials/COMP6741/Lectures/Lecture06/slides/MachineLearning06.pdf,james pustejovsky,http://dbpedia.org/resource/James_Pustejovsky
/Users/sharanyu/Desktop/CleanIS/data/course_materials/COMP6741/Lectures/Lecture01/worksheets/worksheet01.pdf,concordia university,http://dbpedia.org/resource/Main_Page
/Users/sharanyu/Desktop/CleanIS/data/course_materials/COMP6741/Lectures/Lecture01/worksheets/worksheet01.pdf,mcgill university,http://dbpedia.org/resource/McGill_University
/Users/sharanyu/Desktop/CleanIS/data/course_materials/COMP6741/Lectures/Lecture01/worksheets/worksheet01.pdf,concordia,http://dbpedia.org/resource/Concordia_University
/Users/sharanyu/Desktop/CleanIS/data/course_materials/COMP6741/Lectures/Lecture01/worksheets/worksheet01.pdf,montreal,http://dbpedia.org/resource/Montreal
/Users/sharanyu/Desktop/CleanIS/data/course_materials/COMP6741/Lectures/Lecture01/worksheets/worksheet01.pdf,mcgill,http://dbpedia.org/resource/McGill_University
/Users/sharanyu/Desktop/CleanIS/data/course_materials/COMP6741/Lectures/Lecture01/worksheets/worksheet01.pdf,rdf,http://dbpedia.org/resource/Resource_Description_Framework
/Users/sharanyu/Desktop/CleanIS/data/course_materials/COMP6741/Lectures/Lecture01/worksheets/worksheet01.pdf,wikidata,http://dbpedia.org/resource/Wikidata
/Users/sharanyu/Desktop/CleanIS/data/course_materials/COMP6741/Lectures/Lecture01/worksheets/worksheet01.pdf,facebook,http://dbpedia.org/resource/Facebook
/Users/sharanyu/Desktop/CleanIS/data/course_materials/COMP6741/Lectures/Lecture01/worksheets/worksheet01.pdf,linkedin,http://dbpedia.org/resource/LinkedIn
/Users/sharanyu/Desktop/CleanIS/data/course_materials/COMP6741/Lectures/Lecture01/slides/Introduction_to_Intelligent_Systems01.pdf,recommender systems,http://dbpedia.org/resource/Recommender_system
/Users/sharanyu/Desktop/CleanIS/data/course_materials/COMP6741/Lectures/Lecture01/slides/Introduction_to_Intelligent_Systems01.pdf,information retrieval,http://dbpedia.org/resource/Information_retrieval
/Users/sharanyu/Desktop/CleanIS/data/course_materials/COMP6741/Lectures/Lecture01/slides/Introduction_to_Intelligent_Systems01.pdf,artificial intelligence,http://dbpedia.org/resource/Artificial_intelligence
/Users/sharanyu/Desktop/CleanIS/data/course_materials/COMP6741/Lectures/Lecture01/slides/Introduction_to_Intelligent_Systems01.pdf,english,http://dbpedia.org/resource/English_language
/Users/sharanyu/Desktop/CleanIS/data/course_materials/COMP6741/Lectures/Lecture01/slides/Introduction_to_Intelligent_Systems01.pdf,french,http://dbpedia.org/resource/French_language
/Users/sharanyu/Desktop/CleanIS/data/course_materials/COMP6741/Lectures/Lecture01/slides/Introduction_to_Intelligent_Systems01.pdf,nlp,http://dbpedia.org/resource/Natural_language_processing
/Users/sharanyu/Desktop/CleanIS/data/course_materials/COMP6741/Lectures/Lecture01/slides/Introduction_to_Intelligent_Systems01.pdf,uima,http://dbpedia.org/resource/UIMA
/Users/sharanyu/Desktop/CleanIS/data/course_materials/COMP6741/Lectures/Lecture01/slides/Introduction_to_Intelligent_Systems01.pdf,saas,http://dbpedia.org/resource/Software_as_a_service
/Users/sharanyu/Desktop/CleanIS/data/course_materials/COMP6741/Lectures/Lecture01/slides/Introduction_to_Intelligent_Systems01.pdf,ibm,http://dbpedia.org/resource/IBM
/Users/sharanyu/Desktop/CleanIS/data/course_materials/COMP6741/Lectures/Lecture01/slides/Introduction_to_Intelligent_Systems01.pdf,lod,http://dbpedia.org/resource/Level_of_detail
/Users/sharanyu/Desktop/CleanIS/data/course_materials/COMP6741/Lectures/Lecture01/slides/Introduction_to_Intelligent_Systems01.pdf,rdf,http://dbpedia.org/resource/Resource_Description_Framework
/Users/sharanyu/Desktop/CleanIS/data/course_materials/COMP6741/Lectures/Lecture01/slides/Introduction_to_Intelligent_Systems01.pdf,mona lisa,http://dbpedia.org/resource/Mona_Lisa
/Users/sharanyu/Desktop/CleanIS/data/course_materials/COMP6741/Lectures/Lecture01/slides/Introduction_to_Intelligent_Systems01.pdf,bahar,http://dbpedia.org/resource/Mohammad-Taqi_Bahar
/Users/sharanyu/Desktop/CleanIS/data/course_materials/COMP6741/Lectures/Lecture01/slides/Introduction_to_Intelligent_Systems01.pdf,apple siri,http://dbpedia.org/resource/Siri
/Users/sharanyu/Desktop/CleanIS/data/course_materials/COMP6741/Lectures/Lecture01/slides/Introduction_to_Intelligent_Systems01.pdf,amazon alexa,http://dbpedia.org/resource/Amazon_Alexa
/Users/sharanyu/Desktop/CleanIS/data/course_materials/COMP6741/Lectures/Lecture01/slides/Introduction_to_Intelligent_Systems01.pdf,microsoft tay,http://dbpedia.org/resource/Tay_(bot)
/Users/sharanyu/Desktop/CleanIS/data/course_materials/COMP6741/Lectures/Lecture01/slides/Introduction_to_Intelligent_Systems01.pdf,microsoft,http://dbpedia.org/resource/Microsoft
/Users/sharanyu/Desktop/CleanIS/data/course_materials/COMP6741/Lectures/Lecture01/slides/Introduction_to_Intelligent_Systems01.pdf,chatbot,http://dbpedia.org/resource/Chatbot
/Users/sharanyu/Desktop/CleanIS/data/course_materials/COMP6741/Lectures/Lecture01/slides/Introduction_to_Intelligent_Systems01.pdf,weizenbaum,http://dbpedia.org/resource/Joseph_Weizenbaum
/Users/sharanyu/Desktop/CleanIS/data/course_materials/COMP6741/Lectures/Lecture01/slides/Introduction_to_Intelligent_Systems01.pdf,power7,http://dbpedia.org/resource/POWER7
/Users/sharanyu/Desktop/CleanIS/data/course_materials/COMP6741/Lectures/Lecture01/slides/Introduction_to_Intelligent_Systems01.pdf,ashish,http://dbpedia.org/resource/Ashish_Rai
/Users/sharanyu/Desktop/CleanIS/data/course_materials/COMP6741/Lectures/Lecture01/slides/Introduction_to_Intelligent_Systems01.pdf,google search,http://dbpedia.org/resource/Google_Search
/Users/sharanyu/Desktop/CleanIS/data/course_materials/COMP6741/Lectures/Lecture01/slides/Introduction_to_Intelligent_Systems01.pdf,google,http://dbpedia.org/resource/Google
/Users/sharanyu/Desktop/CleanIS/data/course_materials/COMP6741/Lectures/Lecture01/slides/Introduction_to_Intelligent_Systems01.pdf,jorge pérez,http://dbpedia.org/resource/Jorge_Pérez_Vento
/Users/sharanyu/Desktop/CleanIS/data/course_materials/COMP6741/Lectures/Lecture01/slides/Introduction_to_Intelligent_Systems01.pdf,gettysburg,http://dbpedia.org/resource/Battle_of_Gettysburg
/Users/sharanyu/Desktop/CleanIS/data/course_materials/COMP6741/Lectures/Lecture01/slides/Introduction_to_Intelligent_Systems01.pdf,antietam,http://dbpedia.org/resource/Battle_of_Antietam
/Users/sharanyu/Desktop/CleanIS/data/course_materials/COMP6741/Lectures/Lecture01/slides/Introduction_to_Intelligent_Systems01.pdf,fredericksburg,http://dbpedia.org/resource/Battle_of_Fredericksburg
/Users/sharanyu/Desktop/CleanIS/data/course_materials/COMP6741/Lectures/Lecture01/slides/Introduction_to_Intelligent_Systems01.pdf,american,http://dbpedia.org/resource/United_States
/Users/sharanyu/Desktop/CleanIS/data/course_materials/COMP6741/Lectures/Lecture01/slides/Introduction_to_Intelligent_Systems01.pdf,eliza,http://dbpedia.org/resource/ELIZA
/Users/sharanyu/Desktop/CleanIS/data/course_materials/COMP6741/Lectures/Lecture01/slides/Introduction_to_Intelligent_Systems01.pdf,cole howard,http://dbpedia.org/resource/Cole_Howard
/Users/sharanyu/Desktop/CleanIS/data/course_materials/COMP6741/course_outline/course_outline_comp474_6741_w2024.pdf,comp,http://dbpedia.org/resource/College_of_Osteopathic_Medicine_of_the_Pacific
/Users/sharanyu/Desktop/CleanIS/data/course_materials/COMP6741/course_outline/course_outline_comp474_6741_w2024.pdf,er,http://dbpedia.org/resource/Emergency_medical_services
/Users/sharanyu/Desktop/CleanIS/data/course_materials/COMP6741/course_outline/course_outline_comp474_6741_w2024.pdf,moodle,http://dbpedia.org/resource/Moodle
/Users/sharanyu/Desktop/CleanIS/data/course_materials/COMP6741/course_outline/course_outline_comp474_6741_w2024.pdf,alejandra,http://dbpedia.org/resource/Alejandra_(TV_series)
/Users/sharanyu/Desktop/CleanIS/data/course_materials/COMP6741/course_outline/course_outline_comp474_6741_w2024.pdf,json,http://dbpedia.org/resource/JSON
/Users/sharanyu/Desktop/CleanIS/data/course_materials/COMP6741/course_outline/course_outline_comp474_6741_w2024.pdf,xml,http://dbpedia.org/resource/XML
/Users/sharanyu/Desktop/CleanIS/data/course_materials/COMP6741/course_outline/course_outline_comp474_6741_w2024.pdf,nlp,http://dbpedia.org/resource/Natural_language_processing
/Users/sharanyu/Desktop/CleanIS/data/course_materials/COMP6741/course_outline/course_outline_comp474_6741_w2024.pdf,deep learning,http://dbpedia.org/resource/Deep_learning
/Users/sharanyu/Desktop/CleanIS/data/course_materials/COMP6741/course_outline/course_outline_comp474_6741_w2024.pdf,artificial intelligence,http://dbpedia.org/resource/Artificial_intelligence
/Users/sharanyu/Desktop/CleanIS/data/course_materials/COMP6741/course_outline/course_outline_comp474_6741_w2024.pdf,ai,http://dbpedia.org/resource/Artificial_intelligence
/Users/sharanyu/Desktop/CleanIS/data/course_materials/COMP6741/course_outline/course_outline_comp474_6741_w2024.pdf,natural language processing,http://dbpedia.org/resource/Natural_language_processing
/Users/sharanyu/Desktop/CleanIS/data/course_materials/COMP6741/course_outline/course_outline_comp474_6741_w2024.pdf,personalization,http://dbpedia.org/resource/Personalization
/Users/sharanyu/Desktop/CleanIS/data/course_materials/COMP6741/course_outline/course_outline_comp474_6741_w2024.pdf,rdf,http://dbpedia.org/resource/Resource_Description_Framework
/Users/sharanyu/Desktop/CleanIS/data/course_materials/COMP6741/course_outline/course_outline_comp474_6741_w2024.pdf,owl,http://dbpedia.org/resource/Web_Ontology_Language
/Users/sharanyu/Desktop/CleanIS/data/course_materials/COMP6741/course_outline/course_outline_comp474_6741_w2024.pdf,linked open data,http://dbpedia.org/resource/Linked_data
/Users/sharanyu/Desktop/CleanIS/data/course_materials/COMP6741/course_outline/course_outline_comp474_6741_w2024.pdf,lod,http://dbpedia.org/resource/Level_of_detail
/Users/sharanyu/Desktop/CleanIS/data/course_materials/COMP6741/course_outline/course_outline_comp474_6741_w2024.pdf,ml,http://dbpedia.org/resource/Machine_learning
/Users/sharanyu/Desktop/CleanIS/data/course_materials/COMP6741/course_outline/course_outline_comp474_6741_w2024.pdf,artificial neural networks,http://dbpedia.org/resource/Artificial_neural_network
/Users/sharanyu/Desktop/CleanIS/data/course_materials/COMP6741/course_outline/course_outline_comp474_6741_w2024.pdf,pytorch,http://dbpedia.org/resource/PyTorch
/Users/sharanyu/Desktop/CleanIS/data/course_materials/COMP6741/course_outline/course_outline_comp474_6741_w2024.pdf,active learning,http://dbpedia.org/resource/Active_learning
/Users/sharanyu/Desktop/CleanIS/data/course_materials/COMP6741/course_outline/course_outline_comp474_6741_w2024.pdf,concordia university,http://dbpedia.org/resource/Main_Page
